{
  "ell_range": [
    2,
    2000
  ],
  "RMS_Delta_TT_over_TT": 0.39649178896633896,
  "max_Delta_TT_over_TT": 0.7857645069228102,
  "thresholds": {
    "RMS": 0.05,
    "max": 0.15
  },
  "pass": {
    "RMS": false,
    "max": false
  }
}
